School Rank,School Name,PIN Code,School Score,Better Education URL,School URL,School Type,Nr Of Students,Suburb,Shortlist,
1,Burwood East Primary School,3151,100,https://bettereducation.com.au/QuerySchool.aspx?Name=Burwood East Primary School&State=VIC,www.burwoodeastps.vic.edu.au,P-6,175,Burwood East,Y,
2,"Serpell Primary School,Templestowe,VIC,3106",3106,100,"https://bettereducation.com.au/QuerySchool.aspx?Name=Serpell Primary School,Templestowe,VIC,3106&State=VIC",www.serpellps.vic.edu.au,P-6,1140,Templestowe,Y,Off Track
3,"Beverley Hills Primary School,Doncaster East,VIC,3109",3109,100,"https://bettereducation.com.au/QuerySchool.aspx?Name=Beverley Hills Primary School,Doncaster East,VIC,3109&State=VIC",www.bevhillsps.vic.edu.au/,p-6,410,Doncaster East,Y,Bus
4,"Oakleigh South Primary School,Oakleigh South,VIC,3167",3167,100,"https://bettereducation.com.au/QuerySchool.aspx?Name=Oakleigh South Primary School,Oakleigh South,VIC,3167&State=VIC",oakleighsouthps.vic.edu.au,p-6,513,South Oakleigh,Y,Off Track
5,"Glendal Primary School,Glen Waverley,VIC,3150",3150,100,"https://bettereducation.com.au/QuerySchool.aspx?Name=Glendal Primary School,Glen Waverley,VIC,3150&State=VIC",www.glendalps.vic.edu.au,P-6,881,Glen Waverley,Y,
6,"Doncaster Gardens Primary School,Doncaster East,VIC,3109",3109,100,"https://bettereducation.com.au/QuerySchool.aspx?Name=Doncaster Gardens Primary School,Doncaster East,VIC,3109&State=VIC",www.dgps.vic.edu.au,P-6,666,Doncaster East,Y,
7,"Mount View Primary School,Glen Waverley,VIC,3150",3150,100,"https://bettereducation.com.au/QuerySchool.aspx?Name=Mount View Primary School,Glen Waverley,VIC,3150&State=VIC",mountviewps.vic.edu.au,All Primary,1110,Glen Waverley,Y,
8,"Camberwell Primary School,Camberwell,VIC,3124",3124,99,"https://bettereducation.com.au/QuerySchool.aspx?Name=Camberwell Primary School,Camberwell,VIC,3124&State=VIC",www.camberwellps.vic.edu.au,p-6,613,Camberwell,Y,
9,Balwyn North Primary School,3104,99,https://bettereducation.com.au/QuerySchool.aspx?Name=Balwyn North Primary School&State=VIC,www.balwynnorthps.vic.edu.au,P-6,452,Balwyn North,Y,
10,"Southmoor Primary School,Moorabbin,VIC,3189",3189,99,"https://bettereducation.com.au/QuerySchool.aspx?Name=Southmoor Primary School,Moorabbin,VIC,3189&State=VIC",www.southmoor.vic.edu.au,P-6,399,Moorabbin,N,
11,"Birralee Primary School,Doncaster,VIC,3108",3108,99,"https://bettereducation.com.au/QuerySchool.aspx?Name=Birralee Primary School,Doncaster,VIC,3108&State=VIC",www.birralee.vic.edu.au,P-6,349,DONCASTER,Y,
12,Canterbury Primary School,3126,99,https://bettereducation.com.au/QuerySchool.aspx?Name=Canterbury Primary School&State=VIC,www.canterburyps.vic.edu.au,P-6,608,Canterbury,Y,
13,Newport Lakes Primary School,3015,99,https://bettereducation.com.au/QuerySchool.aspx?Name=Newport Lakes Primary School&State=VIC,www.newportlakesps.vic.edu.au,P-6,409,Newport,N,Not good options
14,Wattle Park Primary School,3125,99,https://bettereducation.com.au/QuerySchool.aspx?Name=Wattle Park Primary School&State=VIC,www.wattleparkps.vic.edu.au,P-6,404,Burwood,Y,
15,Distance Education Centre Victoria,3071,99,https://bettereducation.com.au/QuerySchool.aspx?Name=Distance Education Centre Victoria&State=VIC,www.distance.vic.edu.au,P-12,3367,Thornbury,Y,
16,"Balwyn Primary School,Balwyn,VIC,3103",3103,99,"https://bettereducation.com.au/QuerySchool.aspx?Name=Balwyn Primary School,Balwyn,VIC,3103&State=VIC",www.balwynps.vic.edu.au,P-6,476,Balwyn,Y,
17,Preston West Primary School,3072,99,https://bettereducation.com.au/QuerySchool.aspx?Name=Preston West Primary School&State=VIC,www.prestonwest.vic.edu.au,P-6,425,Preston West,N,
18,"Pinewood Primary School,Mount Waverley,VIC,3149",3149,99,"https://bettereducation.com.au/QuerySchool.aspx?Name=Pinewood Primary School,Mount Waverley,VIC,3149&State=VIC",www.pinewood-ps.vic.edu.au,P-6,583,Mount Waverley,Y,
19,Kew East Primary School,3102,99,https://bettereducation.com.au/QuerySchool.aspx?Name=Kew East Primary School&State=VIC,www.keps.vic.edu.au,P-6,483,East Kew,Y,
20,"Merri Creek Primary School,Fitzroy North,VIC,3068",3068,99,"https://bettereducation.com.au/QuerySchool.aspx?Name=Merri Creek Primary School,Fitzroy North,VIC,3068&State=VIC",www.merricreekps.vic.edu.au/,P-6,297,North Fitzroy,Y,
21,"Hampton Primary School,Hampton,VIC,3188",3188,99,"https://bettereducation.com.au/QuerySchool.aspx?Name=Hampton Primary School,Hampton,VIC,3188&State=VIC",www.hamptonps.vic.edu.au,P-6,702,Hampton,N,
22,Blackburn Lake Primary School,3130,99,https://bettereducation.com.au/QuerySchool.aspx?Name=Blackburn Lake Primary School&State=VIC,www.blps.vic.edu.au,P-6,483,Blackburn,Y,
23,Vermont Primary School,3133,99,https://bettereducation.com.au/QuerySchool.aspx?Name=Vermont Primary School&State=VIC,www.vermontps.vic.edu.au,P-6,686,Vermont,Y,
24,Carnegie Primary School,3163,99,https://bettereducation.com.au/QuerySchool.aspx?Name=Carnegie Primary School&State=VIC,www.carnegieps.vic.edu.au,P-6,566,Carnegie,Y,
25,Wheelers Hill Primary School,3150,99,https://bettereducation.com.au/QuerySchool.aspx?Name=Wheelers Hill Primary School&State=VIC,www.wheelershillps.vic.edu.au/,p-6,494,Wheelers Hill,Y,
26,"Donburn Primary School,Doncaster East,VIC,3109",3109,99,"https://bettereducation.com.au/QuerySchool.aspx?Name=Donburn Primary School,Doncaster East,VIC,3109&State=VIC",www.donburn.vic.edu.au,All Primary,430,Doncaster East,Y,
27,Richmond Primary School,3121,99,https://bettereducation.com.au/QuerySchool.aspx?Name=Richmond Primary School&State=VIC,www.richmondps.vic.edu.au,P-6,256,Richmond,Y,
28,Ivanhoe Primary School,3079,99,https://bettereducation.com.au/QuerySchool.aspx?Name=Ivanhoe Primary School&State=VIC,www.ivanhoeps.vic.edu.au,P-6,599,Ivanhoe,Y,
29,Kerrimuir Primary School,3129,99,https://bettereducation.com.au/QuerySchool.aspx?Name=Kerrimuir Primary School&State=VIC,www.kerrimuirps.vic.edu.au,P-6,340,Box Hill North,Y,
30,Clifton Hill Primary School,3068,99,https://bettereducation.com.au/QuerySchool.aspx?Name=Clifton Hill Primary School&State=VIC,www.cliftonhillps.vic.edu.au/,p-6,736,Clifton Hill,Y,
31,"Camelot Rise Primary School,Glen Waverley,VIC,3150",3150,98,"https://bettereducation.com.au/QuerySchool.aspx?Name=Camelot Rise Primary School,Glen Waverley,VIC,3150&State=VIC",www.camelotrise.vic.edu.au,All Primary,448,Glen Waverley,Y,
32,"Malvern Primary School,Malvern East,VIC,3145",3145,98,"https://bettereducation.com.au/QuerySchool.aspx?Name=Malvern Primary School,Malvern East,VIC,3145&State=VIC",www.malvernps.vic.edu.au,P-6,694,East Malvern,Y,
33,"Hartwell Primary School,Camberwell,VIC,3124",3124,98,"https://bettereducation.com.au/QuerySchool.aspx?Name=Hartwell Primary School,Camberwell,VIC,3124&State=VIC",www.hartwellps.vic.edu.au,P-6,683,Camberwell,Y,
34,Carlton Gardens Primary School,3053,98,https://bettereducation.com.au/QuerySchool.aspx?Name=Carlton Gardens Primary School&State=VIC,www.carltongardens.vic.edu.au,P-6,360,Carlton,Y,
35,"Mount Waverley Primary School,Mount Waverley,VIC,3149",3149,98,"https://bettereducation.com.au/QuerySchool.aspx?Name=Mount Waverley Primary School,Mount Waverley,VIC,3149&State=VIC",www.mountwaverleyps.vic.edu.au,P-6,658,Mt Waverley,Y,
36,Mount Pleasant Road Primary School,3131,98,https://bettereducation.com.au/QuerySchool.aspx?Name=Mount Pleasant Road Primary School&State=VIC,www.mtpleasantroadps.vic.edu.au,K-6,138,Brentford Square,Y,
37,"Brandon Park Primary School,Wheelers Hill,VIC,3150",3150,98,"https://bettereducation.com.au/QuerySchool.aspx?Name=Brandon Park Primary School,Wheelers Hill,VIC,3150&State=VIC",www.bpps.vic.edu.au,P-6,319,Wheelers Hill,Y,
38,"Highvale Primary School,Glen Waverley,VIC,3150",3150,98,"https://bettereducation.com.au/QuerySchool.aspx?Name=Highvale Primary School,Glen Waverley,VIC,3150&State=VIC",www.highvaleps.vic.edu.au,All Primary,266,Glen Waverley,Y,
39,"Glen Waverley Primary School,Glen Waverley,VIC,3150",3150,98,"https://bettereducation.com.au/QuerySchool.aspx?Name=Glen Waverley Primary School,Glen Waverley,VIC,3150&State=VIC",www.glenps.vic.edu.au,P-6,773,Glen Waverley,Y,
40,Laburnum Primary School,3130,98,https://bettereducation.com.au/QuerySchool.aspx?Name=Laburnum Primary School&State=VIC,www.laburnumps.vic.edu.au,All Primary,761,Blackburn,Y,Close to Office and Train
41,South Yarra Primary School,3141,98,https://bettereducation.com.au/QuerySchool.aspx?Name=South Yarra Primary School&State=VIC,www.southyarraps.vic.edu.au,P-6,336,South Yarra,N,
42,"Deepdene Primary School,Balwyn,VIC,3103",3103,98,"https://bettereducation.com.au/QuerySchool.aspx?Name=Deepdene Primary School,Balwyn,VIC,3103&State=VIC",web.deepdeneps.vic.edu.au,All Primary,441,Balwyn,Y,Close to Tram
43,"Banyule Primary School,Rosanna,VIC,3084",3084,98,"https://bettereducation.com.au/QuerySchool.aspx?Name=Banyule Primary School,Rosanna,VIC,3084&State=VIC",www.banyuleps.vic.edu.au,P-6,586,Rosanna,Y,Close to Train
44,"Mont Albert Primary School,Mont Albert,VIC,3127",3127,98,"https://bettereducation.com.au/QuerySchool.aspx?Name=Mont Albert Primary School,Mont Albert,VIC,3127&State=VIC",www.maps.vic.edu.au,P-6,725,Mont Albert,Y,
45,"Templeton Primary School,Wantirna,VIC,3152",3152,98,"https://bettereducation.com.au/QuerySchool.aspx?Name=Templeton Primary School,Wantirna,VIC,3152&State=VIC",www.templetonps.vic.edu.au/,p-6,628,Wantirna South,Y,
46,Orchard Grove Primary School,3130,98,https://bettereducation.com.au/QuerySchool.aspx?Name=Orchard Grove Primary School&State=VIC,www.orchgveps.vic.edu.au,All Primary,,Blackburn,Y,
47,"Alphington Primary School,Alphington,VIC,3078",3078,98,"https://bettereducation.com.au/QuerySchool.aspx?Name=Alphington Primary School,Alphington,VIC,3078&State=VIC",www.alphinps.vic.edu.au,P-6,428,Alphington,N,
48,Yarraville West Primary School,3013,98,https://bettereducation.com.au/QuerySchool.aspx?Name=Yarraville West Primary School&State=VIC,www.ywps.vic.edu.au,P-6,795,Yarraville,N,
49,"Templestowe Park Primary School,Templestowe,VIC,3106",3106,98,"https://bettereducation.com.au/QuerySchool.aspx?Name=Templestowe Park Primary School,Templestowe,VIC,3106&State=VIC",www.templestoweparkps.vic.edu.au/homepage.htm,P-6,449,Templestowe,N,
50,"Essex Heights Primary School,Mount Waverley,VIC,3149",3149,98,"https://bettereducation.com.au/QuerySchool.aspx?Name=Essex Heights Primary School,Mount Waverley,VIC,3149&State=VIC",www.essexheightsps.vic.edu.au,P-6,481,Mt Waverley,N,
51,"Ashburton Primary School,Ashburton,VIC,3147",3147,97,"https://bettereducation.com.au/QuerySchool.aspx?Name=Ashburton Primary School,Ashburton,VIC,3147&State=VIC",www.ashburtonps.vic.edu.au,P-6,562,Ashburton,N,
52,Burwood Heights Primary School,3151,97,https://bettereducation.com.au/QuerySchool.aspx?Name=Burwood Heights Primary School&State=VIC,www.burwoodhps.vic.edu.au,P-6,322,East Burwood,N,
53,"Parktone Primary School,Parkdale,VIC,3195",3195,97,"https://bettereducation.com.au/QuerySchool.aspx?Name=Parktone Primary School,Parkdale,VIC,3195&State=VIC",www.parktoneps.vic.edu.au,P-6,511,Parkdale,N,
54,Glen Iris Primary School,3146,97,https://bettereducation.com.au/QuerySchool.aspx?Name=Glen Iris Primary School&State=VIC,www.gips.vic.edu.au,All Primary,415,Glen Iris,N,
55,Rangeview Primary School,3132,97,https://bettereducation.com.au/QuerySchool.aspx?Name=Rangeview Primary School&State=VIC,www.rangeview.vic.edu.au,P-6,568,Mitcham,N,
56,Malvern Central School,3144,97,https://bettereducation.com.au/QuerySchool.aspx?Name=Malvern Central School&State=VIC,www.malvern-central.vic.edu.au,F-6,433,Malvern,N,
57,Research Primary School,3095,97,https://bettereducation.com.au/QuerySchool.aspx?Name=Research Primary School&State=VIC,www.researchps.vic.edu.au,P-6,204,Research,N,
58,North Melbourne Primary School,3051,97,https://bettereducation.com.au/QuerySchool.aspx?Name=North Melbourne Primary School&State=VIC,www.northmelbourneps.vic.edu.au,P-6,724,North Melbourne,N,
59,Hawthorn West Primary School,3122,97,https://bettereducation.com.au/QuerySchool.aspx?Name=Hawthorn West Primary School&State=VIC,www.hawthornwestps.vic.edu.au,P-6,427,Hawthorn,N,
60,Northcote Primary School,3070,97,https://bettereducation.com.au/QuerySchool.aspx?Name=Northcote Primary School&State=VIC,www.northcoteps.vic.edu.au,P-6,379,Northcote,N,
61,Kingston Heath Primary School,3192,97,https://bettereducation.com.au/QuerySchool.aspx?Name=Kingston Heath Primary School&State=VIC,www.khps.vic.edu.au,P-6,283,Cheltenham,N,
62,"Weeden Heights Primary School,Vermont South,VIC,3133",3133,97,"https://bettereducation.com.au/QuerySchool.aspx?Name=Weeden Heights Primary School,Vermont South,VIC,3133&State=VIC",www.weedenheightsps.vic.edu.au,P-6,152,Vermont South,N,
63,Jells Park Primary School,3150,97,https://bettereducation.com.au/QuerySchool.aspx?Name=Jells Park Primary School&State=VIC,www.jpps.vic.edu.au,P-6,535,Wheelers Hill,N,
64,Mitcham Primary School,3132,97,https://bettereducation.com.au/QuerySchool.aspx?Name=Mitcham Primary School&State=VIC,www.mitcham.ps.vic.edu.au,P-6,412,Mitcham,N,
65,Derinya Primary School,3199,97,https://bettereducation.com.au/QuerySchool.aspx?Name=Derinya Primary School&State=VIC,www.derinya.vic.edu.au,P-6,747,Frankston South,N,
66,Knox Gardens Primary School,3152,97,https://bettereducation.com.au/QuerySchool.aspx?Name=Knox Gardens Primary School&State=VIC,www.kgps.vic.edu.au,P-6,320,Wantirna South,N,
67,"Kensington Primary School,Kensington,VIC,3031",3031,97,"https://bettereducation.com.au/QuerySchool.aspx?Name=Kensington Primary School,Kensington,VIC,3031&State=VIC",www.kensingtonps.vic.edu.au/,P-6,475,Kensington,N,
68,Caulfield South Primary School,3162,97,https://bettereducation.com.au/QuerySchool.aspx?Name=Caulfield South Primary School&State=VIC,www.caulfieldsthps.vic.edu.au,P-6,486,Caulfield South,N,
69,Livingstone Primary School,3133,97,https://bettereducation.com.au/QuerySchool.aspx?Name=Livingstone Primary School&State=VIC,www.livingstoneps.vic.edu.au,P-6,707,Vermont South,N,
70,"Glenferrie Primary School,Hawthorn,VIC,3122",3122,97,"https://bettereducation.com.au/QuerySchool.aspx?Name=Glenferrie Primary School,Hawthorn,VIC,3122&State=VIC",www.glenferrieps.vic.edu.au,P-6,384,Hawthorn,N,
71,Mckinnon Primary School,3204,97,https://bettereducation.com.au/QuerySchool.aspx?Name=Mckinnon Primary School&State=VIC,www.mckinnon-primary.vic.edu.au,P-6,835,Ormond,N,
72,Westgarth Primary School,3070,96,https://bettereducation.com.au/QuerySchool.aspx?Name=Westgarth Primary School&State=VIC,www.wgps.vic.edu.au,All Primary,598,Northcote,N,
73,Hughesdale Primary School,3166,96,https://bettereducation.com.au/QuerySchool.aspx?Name=Hughesdale Primary School&State=VIC,www.hughesdaleps.vic.edu.au/,p-6,529,Hughesdale,N,
74,Seabrook Primary School,3028,96,https://bettereducation.com.au/QuerySchool.aspx?Name=Seabrook Primary School&State=VIC,www.seabrook.vic.edu.au/,P-6,956,seabrook,N,
75,Murrumbeena Primary School,3163,96,https://bettereducation.com.au/QuerySchool.aspx?Name=Murrumbeena Primary School&State=VIC,www.murrumbeenaps.vic.edu.au,P-6,579,Murrumbeena,N,
76,Gardenvale Primary School,3187,96,https://bettereducation.com.au/QuerySchool.aspx?Name=Gardenvale Primary School&State=VIC,www.gardenvale.ps.vic.edu.au,P-6,568,East Brighton,N,
77,"Brighton Primary School,Brighton,VIC,3186",3186,96,"https://bettereducation.com.au/QuerySchool.aspx?Name=Brighton Primary School,Brighton,VIC,3186&State=VIC",www.brighton.vic.edu.au,p-6,810,Brighton,N,
78,Greythorn Primary School,3104,96,https://bettereducation.com.au/QuerySchool.aspx?Name=Greythorn Primary School&State=VIC,www.greythornps.vic.edu.au,P-6,577,Balwyn North,N,
79,Wales Street Primary School,3071,96,https://bettereducation.com.au/QuerySchool.aspx?Name=Wales Street Primary School&State=VIC,www.walesstps.vic.edu.au,P-6,620,Thornbury,N,
80,Syndal South Primary School,3149,96,https://bettereducation.com.au/QuerySchool.aspx?Name=Syndal South Primary School&State=VIC,www.syndalsp.vic.edu.au,P-6,418,Mount Waverley,N,
81,Heidelberg Primary School,3084,96,https://bettereducation.com.au/QuerySchool.aspx?Name=Heidelberg Primary School&State=VIC,www.heidelbergps.vic.edu.au,All Primary,476,Heidelberg,N,
82,Oakleigh Primary School,3166,96,https://bettereducation.com.au/QuerySchool.aspx?Name=Oakleigh Primary School&State=VIC,www.oakleighps.vic.edu.au,P-6,401,Oakleigh,N,
83,Spensley Street Primary School,3068,96,https://bettereducation.com.au/QuerySchool.aspx?Name=Spensley Street Primary School&State=VIC,www.ssps.vic.edu.au,P-6,391,Clifton Hill,N,
84,Milgate Primary School,3109,96,https://bettereducation.com.au/QuerySchool.aspx?Name=Milgate Primary School&State=VIC,www.milgateps.vic.edu.au,P-6,604,East Doncaster,N,
85,Parkdale Primary School,3195,96,https://bettereducation.com.au/QuerySchool.aspx?Name=Parkdale Primary School&State=VIC,www.parkdaleps.vic.edu.au,P-6,623,Parkdale,N,
86,Surrey Hills Primary School,3127,96,https://bettereducation.com.au/QuerySchool.aspx?Name=Surrey Hills Primary School&State=VIC,www.surreyhillsps.vic.edu.au,P-6,422,Surrey HIlls,N,
87,Eltham East Primary School,3095,96,https://bettereducation.com.au/QuerySchool.aspx?Name=Eltham East Primary School&State=VIC,www.elthameastps.vic.edu.au,P-6,628,Eltham,N,
88,Dandenong North Primary School,3175,96,https://bettereducation.com.au/QuerySchool.aspx?Name=Dandenong North Primary School&State=VIC,www.dandenongnorthps.vic.edu.au,P-6,791,Dandenong,N,
89,Cheltenham Primary School,3192,96,https://bettereducation.com.au/QuerySchool.aspx?Name=Cheltenham Primary School&State=VIC,joomla.cheltenhamps.vic.edu.au,P-6,398,Cheltenham,N,
90,Black Rock Primary School,3193,96,https://bettereducation.com.au/QuerySchool.aspx?Name=Black Rock Primary School&State=VIC,www.blackrockps.vic.edu.au,P-6,609,Black Rock,N,
91,Montmorency South Primary School,3094,96,https://bettereducation.com.au/QuerySchool.aspx?Name=Montmorency South Primary School&State=VIC,www.montysouth.vic.edu.au/,p-6,582,Montmorency,N,
92,Bentleigh West Primary School,3204,96,https://bettereducation.com.au/QuerySchool.aspx?Name=Bentleigh West Primary School&State=VIC,www.bwps.net.au,P-6,540,Bentleigh,N,
93,Heathmont East Primary School,3135,96,https://bettereducation.com.au/QuerySchool.aspx?Name=Heathmont East Primary School&State=VIC,www.heathmonteastps.vic.edu.au,P-6,537,Heathmont,N,
94,Cheltenham East Primary School,3192,96,https://bettereducation.com.au/QuerySchool.aspx?Name=Cheltenham East Primary School&State=VIC,www.cheltenhameast.vic.edu.au,P-6,444,Cheltenham,N,
95,"Ivanhoe East Primary School,Ivanhoe East,VIC,3079",3079,95,"https://bettereducation.com.au/QuerySchool.aspx?Name=Ivanhoe East Primary School,Ivanhoe East,VIC,3079&State=VIC",www.ivanhoeeastps.vic.edu.au,P-6,532,Ivanhoe,N,
96,Valkstone Primary School,3165,95,https://bettereducation.com.au/QuerySchool.aspx?Name=Valkstone Primary School&State=VIC,www.valkstoneps.vic.edu.au,P-6,426,Benteigh East,N,
97,"Armadale Primary School,Armadale,VIC,3143",3143,95,"https://bettereducation.com.au/QuerySchool.aspx?Name=Armadale Primary School,Armadale,VIC,3143&State=VIC",www.armadaleps.vic.edu.au,P-6,394,Armadale,N,
98,"Alamanda K-9 College,Point Cook,VIC,3030",3030,95,"https://bettereducation.com.au/QuerySchool.aspx?Name=Alamanda K-9 College,Point Cook,VIC,3030&State=VIC",www.alamandacollege.vic.edu.au,K-9,1647,Point Cook,N,
99,Coatesville Primary School,3165,95,https://bettereducation.com.au/QuerySchool.aspx?Name=Coatesville Primary School&State=VIC,www.coatesps.vic.edu.au,P-6,486,East Bentleigh,N,
100,Williamstown North Primary School,3016,95,https://bettereducation.com.au/QuerySchool.aspx?Name=Williamstown North Primary School&State=VIC,www.willynthps.vic.edu.au,P-6,739,Williamstown,N,
101,Glen Huntly Primary School,3163,95,https://bettereducation.com.au/QuerySchool.aspx?Name=Glen Huntly Primary School&State=VIC,www.glenhuntlyps.vic.edu.au,P-6,299,Glen Huntly,N,
102,Kangaroo Ground Primary School,3097,95,https://bettereducation.com.au/QuerySchool.aspx?Name=Kangaroo Ground Primary School&State=VIC,www.kangaroogroundps.vic.edu.au,P-6,130,Kangaroo Ground,N,
103,Coburg North Primary School,3058,95,https://bettereducation.com.au/QuerySchool.aspx?Name=Coburg North Primary School&State=VIC,www.coburg-north-ps.vic.edu.au,P-6,320,Coburg,N,
104,Sandringham Primary School,3191,95,https://bettereducation.com.au/QuerySchool.aspx?Name=Sandringham Primary School&State=VIC,www.sandyps.vic.edu.au,P-6,502,Sandringham,N,
105,Middle Park Primary School,3206,95,https://bettereducation.com.au/QuerySchool.aspx?Name=Middle Park Primary School&State=VIC,www.middleparkps.vic.edu.au,P-6,525,Middle Park,N,
106,Albert Park Primary School,3206,95,https://bettereducation.com.au/QuerySchool.aspx?Name=Albert Park Primary School&State=VIC,www.albertparkps.vic.edu.au,P-6,542,Albert Park,N,
107,Camberwell South Primary School,3146,95,https://bettereducation.com.au/QuerySchool.aspx?Name=Camberwell South Primary School&State=VIC,www.cambsth.vic.edu.au,P-6,490,Glen Iris,N,
108,St Kilda Park Primary School,3182,95,https://bettereducation.com.au/QuerySchool.aspx?Name=St Kilda Park Primary School&State=VIC,www.skipps.vic.edu.au,P-6,345,St Kilda,N,
109,Chatham Primary School,3127,95,https://bettereducation.com.au/QuerySchool.aspx?Name=Chatham Primary School&State=VIC,www.chathamps.vic.edu.au,P-6,438,Surrey Hills,N,
110,Templestowe Heights Primary School,3107,95,https://bettereducation.com.au/QuerySchool.aspx?Name=Templestowe Heights Primary School&State=VIC,www.templestowehts.vic.edu.au,P-6,319,Templestowe Lower,N,
111,Kew Primary School,3101,95,https://bettereducation.com.au/QuerySchool.aspx?Name=Kew Primary School&State=VIC,www.kewps.vic.edu.au,P-6,486,Kew,N,
112,Elwood Primary School,3184,95,https://bettereducation.com.au/QuerySchool.aspx?Name=Elwood Primary School&State=VIC,www.elwoodprimary.vic.edu.au/,p-6,775,elwood,N,
113,Solway Primary School,3147,95,https://bettereducation.com.au/QuerySchool.aspx?Name=Solway Primary School&State=VIC,www.solway.vic.edu.au,P-6,484,Ashburton,N,
114,"Doreen Primary School,Doreen,VIC,3754",3754,95,"https://bettereducation.com.au/QuerySchool.aspx?Name=Doreen Primary School,Doreen,VIC,3754&State=VIC",www.doreenps.vic.edu.au,P-6,157,Doreen,N,
115,Upwey Primary School,3158,95,https://bettereducation.com.au/QuerySchool.aspx?Name=Upwey Primary School&State=VIC,www.upweyps.vic.edu.au,P-6,87,Upwey,N,
116,Ormond Primary School,3204,95,https://bettereducation.com.au/QuerySchool.aspx?Name=Ormond Primary School&State=VIC,www.ormondps.vic.edu.au,All Primary,423,Ormond,N,
117,Carlton North Primary School,3054,94,https://bettereducation.com.au/QuerySchool.aspx?Name=Carlton North Primary School&State=VIC,www.carltonnthps.vic.edu.au,P-6,272,Carlton North,N,
118,"Kororoit Creek Primary School,Burnside Heights,VIC,3023",3023,94,"https://bettereducation.com.au/QuerySchool.aspx?Name=Kororoit Creek Primary School,Burnside Heights,VIC,3023&State=VIC",www.kororoitcreekps.vic.edu.au,P-6,1038,Burnside Heights,N,
119,Glen Waverley South Primary School,3150,94,https://bettereducation.com.au/QuerySchool.aspx?Name=Glen Waverley South Primary School&State=VIC,www.gwsps.vic.edu.au,P-6,340,Glen Waverley,N,
120,Caulfield Primary School,3162,94,https://bettereducation.com.au/QuerySchool.aspx?Name=Caulfield Primary School&State=VIC,www.caulfieldps.vic.edu.au,P-6,251,Caulfield South,N,
121,Selby Primary School,3159,94,https://bettereducation.com.au/QuerySchool.aspx?Name=Selby Primary School&State=VIC,www.selbyps.vic.edu.au,P-6,239,Selby,N,
122,"Auburn South Primary School,Hawthorn East,VIC,3123",3123,94,"https://bettereducation.com.au/QuerySchool.aspx?Name=Auburn South Primary School,Hawthorn East,VIC,3123&State=VIC",www.auburnsthps.vic.edu.au,P-6,698,Hawthorn East,N,
123,Brentwood Park Primary School,3806,94,https://bettereducation.com.au/QuerySchool.aspx?Name=Brentwood Park Primary School&State=VIC,www.brentwoodparkps.vic.edu.au,P-6,598,Berwick,N,
124,Antonio Park Primary School,3132,94,https://bettereducation.com.au/QuerySchool.aspx?Name=Antonio Park Primary School&State=VIC,www.antoniops.vic.edu.au,P-6,518,Mitcham,N,
125,Old Orchard Primary School,3130,94,https://bettereducation.com.au/QuerySchool.aspx?Name=Old Orchard Primary School&State=VIC,www.oldorchardps.vic.edu.au,P-6,558,Blackburn North,N,
126,Blackburn Primary School,3130,94,https://bettereducation.com.au/QuerySchool.aspx?Name=Blackburn Primary School&State=VIC,www.blackburnps.vic.edu.au,P-6,472,Blackburn,N,
127,Boroondara Park Primary School,3104,94,https://bettereducation.com.au/QuerySchool.aspx?Name=Boroondara Park Primary School&State=VIC,www.bpark.vic.edu.au,Not Specified,643,Balwyn North,N,
128,"Sassafras Primary School,Sassafras,VIC,3787",3787,94,"https://bettereducation.com.au/QuerySchool.aspx?Name=Sassafras Primary School,Sassafras,VIC,3787&State=VIC",www.sassafrasps.vic.edu.au,P-6,58,Sassafras,N,
129,Mentone Primary School,3194,94,https://bettereducation.com.au/QuerySchool.aspx?Name=Mentone Primary School&State=VIC,www.mentoneps.vic.edu.au,P-6,448,MENTONE,N,
130,"Whitehorse Primary School,Blackburn North,VIC,3130",3130,94,"https://bettereducation.com.au/QuerySchool.aspx?Name=Whitehorse Primary School,Blackburn North,VIC,3130&State=VIC",www.whitehorseps.vic.edu.au,P-6,323,Blackburn North,N,
131,Kingswood Primary School,3172,94,https://bettereducation.com.au/QuerySchool.aspx?Name=Kingswood Primary School&State=VIC,www.kingswood.vic.edu.au,P-6,573,Dingley Village,N,
132,Brunswick South West Primary School,3055,94,https://bettereducation.com.au/QuerySchool.aspx?Name=Brunswick South West Primary School&State=VIC,www.brunswicksw-ps.vic.edu.au,P-6,362,Brunswick West,N,
133,Auburn Primary School,3123,94,https://bettereducation.com.au/QuerySchool.aspx?Name=Auburn Primary School&State=VIC,www.auburnps.vic.edu.au,P-6,511,HAWTHORN EAST,N,
134,Park Orchards Primary School,3114,94,https://bettereducation.com.au/QuerySchool.aspx?Name=Park Orchards Primary School&State=VIC,www.pops.vic.edu.au/,p-6,321,Park Orchards,N,
135,Belle Vue Primary School,3104,94,https://bettereducation.com.au/QuerySchool.aspx?Name=Belle Vue Primary School&State=VIC,www.bellevueps.vic.edu.au,P-6,179,Balwyn North,N,
136,St Kilda Primary School,3182,94,https://bettereducation.com.au/QuerySchool.aspx?Name=St Kilda Primary School&State=VIC,www.stkildaps.vic.edu.au,P-6,578,St Kilda,N,
137,Fairfield Primary School,3078,94,https://bettereducation.com.au/QuerySchool.aspx?Name=Fairfield Primary School&State=VIC,www.fairfieldps.vic.edu.au,P-6,493,Fairfield,N,
138,Footscray West Primary School,3012,94,https://bettereducation.com.au/QuerySchool.aspx?Name=Footscray West Primary School&State=VIC,www.fwps.vic.edu.au,P-6,589,West Footscray,N,
139,Preston Primary School,3072,94,https://bettereducation.com.au/QuerySchool.aspx?Name=Preston Primary School&State=VIC,www.preston-ps.vic.edu.au,P-6,761,Preston,N,
140,Mount Eliza North Primary School,3930,94,https://bettereducation.com.au/QuerySchool.aspx?Name=Mount Eliza North Primary School&State=VIC,www.menps.vic.edu.au,P-6,641,Mount Eliza,N,
141,Port Melbourne Primary School,3207,94,https://bettereducation.com.au/QuerySchool.aspx?Name=Port Melbourne Primary School&State=VIC,www.portmelb.vic.edu.au,P-6,758,Port Melbourne,N,
142,Brighton Beach Primary School,3186,94,https://bettereducation.com.au/QuerySchool.aspx?Name=Brighton Beach Primary School&State=VIC,www.brightonbeachps.vic.edu.au,P-6,405,Brighton,N,
143,Macclesfield Primary School,3782,94,https://bettereducation.com.au/QuerySchool.aspx?Name=Macclesfield Primary School&State=VIC,www.macclesfieldps.vic.edu.au,P-6,186,Macclesfield,N,
144,Brunswick North Primary School,3055,94,https://bettereducation.com.au/QuerySchool.aspx?Name=Brunswick North Primary School&State=VIC,www.brunswicknorthps.vic.edu.au,All Primary,521,Brunswick West,N,
145,Toorak Primary School,3142,93,https://bettereducation.com.au/QuerySchool.aspx?Name=Toorak Primary School&State=VIC,www.toorakps.vic.edu.au,P-6,458,Toorak,N,
146,Viewbank Primary School,3084,93,https://bettereducation.com.au/QuerySchool.aspx?Name=Viewbank Primary School&State=VIC,www.viewbankps.vic.edu.au,P-6,641,Viewbank,N,
147,Andersons Creek Primary School,3113,93,https://bettereducation.com.au/QuerySchool.aspx?Name=Andersons Creek Primary School&State=VIC,www.andersonscreekps.vic.edu.au,P-6,348,Warrandyte,N,
148,Doncaster Primary School,3108,93,https://bettereducation.com.au/QuerySchool.aspx?Name=Doncaster Primary School&State=VIC,www.doncasterps.vic.edu.au,P-6,544,Doncaster,N,
